1.0021136903719756,1.0011493003581498,0.8335956972957898,6.462394044164643e-09,0.007864735435240638,-7.709069430881467e-07,0.9999690724897145
1.0021840018742472,1.0011493003088052,0.8336053389816204,6.532335141014263e-09,0.007874683255896601,-7.709067559356042e-07,0.9999689942008329
1.0022194663287725,1.001149300283639,0.8336150590048635,6.567101686850615e-09,0.00787956937207591,-7.709066612889953e-07,0.9999689557110844
1.0022549307832977,1.0011493002584726,0.8336149790281068,6.60153045125083e-09,0.007884154647086219,-7.709065674129024e-07,0.9999689195694569
1.0022907043125977,1.0011493002328091,0.8336246982328501,6.635923275215191e-09,0.00788880278201773,-7.709064720896073e-07,0.9999688829108996
1.0023264778418977,1.0011493002071457,0.8336246174375934,6.669975654433951e-09,0.007893149949162424,-7.709063775457949e-07,0.9999688486064383
1.0023625607986928,1.0011493001809821,0.8336343358251471,6.703992630459964e-09,0.007897560288393711,-7.709062815585695e-07,0.9999688137841585
1.002398643755488,1.0011493001548186,0.8336342542127008,6.737666544240794e-09,0.00790166955805194,-7.70906186359538e-07,0.9999687813214977
1.0024350364738495,1.0011493001281522,0.8336439717845127,6.7713056031682594e-09,0.007905842314766985,-7.709060897208879e-07,0.9999687483400167
1.002471429192211,1.0011493001014857,0.8336438893563245,6.804599028186921e-09,0.007909713924841256,-7.709059938788854e-07,0.999968717723226
1.002508131987579,1.0011493000743135,0.8336536061139797,6.837858157619576e-09,0.007913649339652834,-7.709058966010642e-07,0.9999686865865026
1.003273294570836,1.00114929947924,0.8337498606263025,7.460753510899409e-09,0.00796573822268367,-7.709038999087505e-07,0.9999682730036855
1.0033131114033886,1.0011492994468618,0.833749769359439,7.489744144854303e-09,0.007967018937540725,-7.709037977289824e-07,0.9999682628007025
1.0039303622478792,1.0011492989266721,0.833826750408872,7.901843840103339e-09,0.007973813667932126,-7.70902226042685e-07,0.9999682086421523
1.003972679290543,1.0011492988899562,0.8338266529360712,7.927598054677453e-09,0.007973249979499428,-7.709021199676494e-07,0.9999682131368828
1.004449415593205,1.0011492984661128,0.8338843536579371,8.198463695132963e-09,0.007960683732520953,-7.709009317099775e-07,0.9999683132549333
1.0047173708976396,1.0011492982207093,0.8339131353377004,8.335650839049622e-09,0.007948069528569354,-7.709002730596149e-07,0.999968413596237
1.0047624977648368,1.001149298178961,0.833913031197388,8.357694765422775e-09,0.007945488155644337,-7.709001631355855e-07,0.9999684341104844
1.0053170866180121,1.0011492976540284,0.8339705517851972,8.607177114181375e-09,0.007907099522516801,-7.70898821957538e-07,0.9999687383996296
1.0062408404943886,1.0011492967376792,0.834066426300668,8.940991186480814e-09,0.007815084441857904,-7.708966428715783e-07,0.9999694617609941
1.013641295457028,1.0011492880559527,0.834657849127168,9.34175174289141e-09,0.006410284647351735,-7.708806521883447e-07,0.999979453914002
1.013709174238859,1.0011492879680441,0.8346675105581116,9.333592022137972e-09,0.006394738897162614,-7.708805108092095e-07,0.9999795534478906
1.0137770530206902,1.0011492878801356,0.8346673719890552,9.325055902485604e-09,0.006378993984315106,-7.708803699254839e-07,0.9999796540105974
1.0138451818730128,1.0011492877916688,0.834677033315233,9.316575103752621e-09,0.006363345945605335,-7.708802280770131e-07,0.999979753708935
1.0139133107253353,1.001149287703202,0.8346768946414108,9.307719517073863e-09,0.006347500371091333,-7.708800867156057e-07,0.9999798544163001
1.0139816884134878,1.0011492876141783,0.834686555871203,9.298920089248277e-09,0.0063317518510288134,-7.708799443954282e-07,0.9999799542580355
1.0140500661016403,1.0011492875251546,0.8346864171009951,9.289747509770649e-09,0.006315807427478446,-7.7087980255399e-07,0.9999800550890727
1.0153736412549543,1.0011492857787005,0.8347817740137684,9.08838222141314e-09,0.00600554572632796,-7.708770544107807e-07,0.9999819665473648
1.0171058894067941,1.0011492834345759,0.8348960342675487,8.759483792165213e-09,0.005593132926345174,-7.708734554540886e-07,0.9999843583094058
1.0179959864587624,1.0011492822067076,0.8349531715335937,8.56660483840039e-09,0.005380170152025296,-7.708716014240101e-07,0.9999855267795335
1.0888888311076472,1.0011491717164611,0.8388158632766548,-4.896576617018516e-10,0.000468088603288725,-7.707630013426667e-07,0.9999998904462267
1.0894314039788746,1.0011491708945204,0.838845122858582,-4.4410135445265e-10,0.0004895914766414668,-7.707626089601105e-07,0.9999998801497889
1.0895218611354256,1.0011491707575355,0.8388450996243059,-4.36495615957221e-10,0.0004931368713745161,-7.707625439425899e-07,0.9999998784077087
1.090608178219282,1.001149169113753,0.8389036254435283,-3.4523031689598933e-10,0.0005349725746991185,-7.707617720254174e-07,0.999999856901865
1.0923313188023658,1.0011491665105718,0.8390012070299397,-2.0122705425709547e-10,0.0005980130885863153,-7.707605807019458e-07,0.9999998211898601
1.1037904405613848,1.0011491492803426,0.8396064601744102,6.397009943202065e-10,0.0008849957011527895,-7.707536274451851e-07,0.9999996083909309
1.1038831228452972,1.0011491491412428,0.8396162438346157,6.452090833652607e-10,0.0008862861056780092,-7.707535776848501e-07,0.9999996072480953
1.1039758051292097,1.001149149002143,0.8396162274948213,6.506777603596076e-10,0.0008875391529835953,-7.70753528027621e-07,0.9999996061367515
1.1083522704238122,1.001149142432282,0.839850695982138,8.788063025558947e-10,0.0009278987984751715,-7.707512922944126e-07,0.9999995695015202
1.1092885682649893,1.0011491410258877,0.8398995488440893,9.195942363918027e-10,0.0009317365737099557,-7.707508408755173e-07,0.9999995659330875
1.109476046759084,1.0011491407442263,0.8399093197548697,9.274136821191194e-10,0.0009323083798541504,-7.707507515856157e-07,0.9999995654001511
1.1879449628888974,1.0011490202146323,0.8438236638036917,-2.519521543821864e-10,-8.491148735288766e-05,-7.707317708470099e-07,0.9999999963947227
1.1885393014381231,1.0011490192954273,0.8438530497120292,-2.5218721178245683e-10,-8.295652335833383e-05,-7.707317093995258e-07,0.9999999965588107
1.1886383529440963,1.001149019142245,0.8438530473808324,-2.521918192313176e-10,-8.261738377722589e-05,-7.707316992304299e-07,0.999999996586887
1.188737401211466,1.001149018989075,0.8438628450611578,-2.521932872589051e-10,-8.227669409256695e-05,-7.70731689081685e-07,0.9999999966149757
1.1901239221354316,1.0011490168452994,0.8439314131426043,-2.512504126949598e-10,-7.714348361681756e-05,-7.707315491245173e-07,0.9999999970241444
1.1917081560961187,1.0011490143967297,0.844009777995958,-2.4814685986107655e-10,-7.053723223501013e-05,-7.707313939179594e-07,0.9999999975119526
1.204075955861231,1.0011489953140806,0.8446171467272664,-1.6626029858950883e-10,-2.619478407975324e-06,-7.70730336750749e-07,0.9999999999962722
1.2041748654315967,1.0011489951616936,0.8446269451552264,-1.6531035188353984e-10,-2.026898602871162e-06,-7.707303292925754e-07,0.999999999997649
1.2042737750019623,1.0011489950093067,0.8446269435831864,-1.643535102515606e-10,-1.4343592234997422e-06,-7.707303218488367e-07,0.9999999999986744
1.204372684516101,1.001148994856926,0.8446367420190065,-1.6339746571713483e-10,-8.419864891817317e-07,-7.707303144194982e-07,0.9999999999993486
1.2044715940302395,1.0011489947045455,0.8446367404548266,-1.624346471590485e-10,-2.4971936643269134e-07,-7.70730307004534e-07,0.9999999999996719
1.2045705035345893,1.0011489945521714,0.8446465388984676,-1.614726583437932e-10,3.423707695830488e-07,-7.707302996039093e-07,0.9999999999996444
1.2082302571965076,1.0011489889162526,0.8448228839000871,-1.2408565602702537e-10,2.1973644648482064e-05,-7.707300355961785e-07,0.9999999997582825
1.208922692097872,1.001148987850367,0.8448620740582309,-1.1672274540383393e-10,2.59659811570906e-05,-7.707299877339376e-07,0.9999999996625869
1.2099119286995925,1.0011489863278304,0.8449110602915374,-1.0609681047231082e-10,3.15887677085722e-05,-7.707299204690856e-07,0.999999999500778
1.2101097830983354,1.0011489860233433,0.8449208575792543,-1.039594097858098e-10,3.2700853868730776e-05,-7.70729907170837e-07,0.99999999946503
1.2102087109277488,1.0011489858711013,0.8449208562265015,-1.0288820849282275e-10,3.3254864978113736e-05,-7.707299005408995e-07,0.99999999944676
1.210802293893611,1.001148984957685,0.8449502481906083,-9.645221822451871e-11,3.6557090916530485e-05,-7.707298610281083e-07,0.9999999993314926
1.2120884822944906,1.0011489829787728,0.8450188311884538,-8.244191995249566e-11,4.3559442523889204e-05,-7.70729776966505e-07,0.9999999990509905
1.2127811029123774,1.0011489819132753,0.8450482222566493,-7.48787641146875e-11,4.723438548383961e-05,-7.707297325662968e-07,0.9999999988841595
1.2897656358674137,1.0011488634157728,0.8488403775052694,4.00170616630968e-12,-6.791848588150327e-06,-7.707272197768869e-07,0.9999999999766384
1.2903655088263146,1.0011488624902818,0.8488697763376865,1.9133867549482852e-12,-7.621424371115094e-06,-7.707272114823833e-07,0.9999999999706599
1.291965142259444,1.0011488600223242,0.8489481733085114,-3.415772513371501e-12,-9.660833544239903e-06,-7.707271898400878e-07,0.9999999999530372
1.2920651179383311,1.0011488598680782,0.8489481731229526,-3.736954708331998e-12,-9.779854039432166e-06,-7.707271885101284e-07,0.9999999999518803
1.2935647273244504,1.0011488575544214,0.849026570398173,-8.383217731176926e-12,-1.144990368228202e-05,-7.707271688746819e-07,0.999999999934153
1.2955641270794458,1.0011488544696663,0.849124566920125,-1.4063160034937188e-11,-1.3338279616464216e-05,-7.707271435895676e-07,0.9999999999107482
1.3102559853104943,1.0011488318051218,0.8498399460421308,-3.6977858884628114e-11,-1.6586196724893764e-05,-7.707269857738757e-07,0.999999999862152
1.3109554188840524,1.0011488307263372,0.8498791452257682,-3.7270481179928635e-11,-1.6349019263084294e-05,-7.707269793570525e-07,0.9999999998660579
1.3119545827647232,1.0011488291852988,0.8499281440836787,-3.757358325722222e-11,-1.5961667553105497e-05,-7.707269703449614e-07,0.9999999998723157
1.3120544975751973,1.0011488290311998,0.8499281439708825,-3.759618543807337e-11,-1.5919732580685873e-05,-7.707269694536488e-07,0.9999999998729842
1.312154411761618,1.0011488288771029,0.8499379438586453,-3.7618347645392135e-11,-1.5877630765583774e-05,-7.707269685641161e-07,0.9999999998736535
1.3128538036454676,1.0011488277984473,0.8499673430796386,-3.773373978979393e-11,-1.5566735000984358e-05,-7.707269623870599e-07,0.9999999998785415
1.3141526344361614,1.001148825795358,0.8500359416687597,-3.778457239587371e-11,-1.4924549287195513e-05,-7.707269511426476e-07,0.9999999998883319
1.3142525425788691,1.0011488256412804,0.8500359415619643,-3.777934862577518e-11,-1.4871608532541005e-05,-7.707269502897581e-07,0.9999999998891207
1.3144523576983507,1.001148825333129,0.8500457413494327,-3.776612872878461e-11,-1.4764687537945108e-05,-7.707269485890887e-07,0.999999999890705
1.3145522646793155,1.0011488251790555,0.8500555412436939,-3.7758141097965314e-11,-1.4710711485768511e-05,-7.707269477413019e-07,0.9999999998915006
1.3148519844731843,1.001148824716838,0.8500653409275266,-3.772523331801557e-11,-1.4545397688858167e-05,-7.707269452081064e-07,0.9999999998939187
1.3920911510109082,1.0011487056780393,0.8538579049143439,1.3984605500654713e-11,6.082623508504191e-06,-7.707266130576383e-07,0.9999999999812039
1.3927911145680931,1.0011487045991148,0.8538873048067651,1.3586620389739092e-11,5.799437430171277e-06,-7.707266118020782e-07,0.9999999999828864
1.3958910167302412,1.001148699820818,0.8540441043523216,1.175036390220203e-11,4.562917929322806e-06,-7.707266064470057e-07,0.9999999999892929
1.3978910006501857,1.0011486967378902,0.8541421040772043,1.0519461515626148e-11,3.788592340350532e-06,-7.707266031631667e-07,0.9999999999925263
1.4125914377951174,1.0011486740760485,0.8548575024270806,1.7089417452701746e-12,-7.976403335180563e-07,-7.707265826492546e-07,0.9999999999993848
1.4126914415245715,1.0011486739218791,0.8548673024178188,1.6562418287910655e-12,-8.202726208728961e-07,-7.707265825292596e-07,0.9999999999993667
1.4142914988408117,1.001148671455169,0.8549457022725616,8.342337835875759e-13,-1.1644651803192255e-06,-7.707265806415436e-07,0.999999999999025
1.4151915286367323,1.0011486700676446,0.8549849021933658,3.9044714703882815e-13,-1.3432526950464042e-06,-7.707265796058965e-07,0.9999999999988008
1.4155915412064584,1.0011486694509673,0.8550045021587415,1.9770448721526337e-13,-1.4192800333780054e-06,-7.707265791515484e-07,0.9999999999986958
1.4167915761533258,1.0011486676009365,0.8550633020569249,-3.63381903495932e-13,-1.634634603419835e-06,-7.707265778100786e-07,0.999999999998367
1.4168915788493184,1.0011486674467676,0.8550731020485879,-4.089586105840465e-13,-1.6517375320146642e-06,-7.707265776997342e-07,0.999999999998339
1.416991581545311,1.0011486672925987,0.8550731020402509,-4.543417661091821e-13,-1.668670112931463e-06,-7.707265775896097e-07,0.9999999999983108
1.4171915868064722,1.0011486669842609,0.8550829020236601,-5.445585955631646e-13,-1.7021752368313998e-06,-7.707265773700198e-07,0.9999999999982544
1.417591596925858,1.0011486663675853,0.8551025019907267,-7.22744500300134e-13,-1.7675951246744368e-06,-7.707265769334635e-07,0.9999999999981409
1.4177916017789536,1.001148666059248,0.8551123019743831,-8.107045208224537e-13,-1.799510423327521e-06,-7.707265767164899e-07,0.9999999999980839
1.4944846588636076,1.0011485478384976,0.8588754991913421,2.4492145924671546e-12,1.7479856412932862e-06,-7.707265342603555e-07,0.9999999999981752
1.498284452735147,1.0011485419815447,0.8590616991477847,2.571532091289254e-12,1.6670161960547355e-06,-7.707265334058173e-07,0.9999999999983136
1.5002843633515563,1.0011485388988948,0.8591596991264572,2.595348222224461e-12,1.6069149625109854e-06,-7.707265329814905e-07,0.999999999998412
1.5166840467398741,1.0011485136201002,0.8599632989863627,1.9579118112058585e-12,8.36568907393451e-07,-7.707265300740572e-07,0.9999999999993532
1.5175840462134769,1.001148512232802,0.8600024989802066,1.8922002153243885e-12,7.879238394216202e-07,-7.707265299404421e-07,0.9999999999993926
1.517984046389282,1.0011485116162238,0.8600220989775151,1.862384266481957e-12,7.663248905081098e-07,-7.707265298818249e-07,0.9999999999994095
1.5191840483315606,1.0011485097664843,0.8600808989695998,1.7708570474296939e-12,7.016967495150895e-07,-7.707265297087591e-07,0.9999999999994568
1.5195840494280892,1.0011485091499028,0.8601004989670138,1.7397113230712968e-12,6.802380676051855e-07,-7.70726529651987e-07,0.9999999999994716
1.5199840507379414,1.001148508533321,0.8601200989644534,1.7082753369147281e-12,6.588350062997225e-07,-7.707265295956668e-07,0.9999999999994861
1.5201840514707659,1.0011485082250298,0.8601298989631828,1.6924537243690474e-12,6.481568326304836e-07,-7.707265295676751e-07,0.9999999999994931
1.5968838529259985,1.0011483899949145,0.8638930987471385,-1.1026980195137909e-13,1.0669018089821083e-07,-7.707265240905072e-07,0.9999999999996972
1.6006837935899396,1.0011483841375257,0.8640792987437703,-8.542748767253868e-15,1.4905866283040657e-07,-7.707265239803491e-07,0.9999999999996919
1.6026837639803597,1.0011483810546862,0.8641772987421223,4.125122206799958e-14,1.6788627440838522e-07,-7.707265239256495e-07,0.999999999999689
1.6190835795972784,1.0011483557753216,0.8649808987313119,3.119573813218007e-13,2.2892446305340125e-07,-7.707265235508989e-07,0.9999999999996768
1.6199835728698808,1.0011483543880333,0.8650200987308372,3.1887998447063543e-13,2.2779373537276483e-07,-7.707265235336808e-07,0.9999999999996773
1.6203835699971205,1.0011483537714607,0.8650396987306296,3.2169155552358583e-13,2.2716332399766483e-07,-7.707265235261272e-07,0.9999999999996773
1.620483569292294,1.0011483536173174,0.8650494987305781,3.2237264391846604e-13,2.2699614613586006e-07,-7.707265235242481e-07,0.9999999999996773
1.6215835618053487,1.0011483519217403,0.8650984987300192,3.2915088676680064e-13,2.2481026765100756e-07,-7.707265235038261e-07,0.9999999999996779
1.6219835592161078,1.0011483513051669,0.8651180987298198,3.313151056893354e-13,2.2387599444405405e-07,-7.707265234965107e-07,0.9999999999996781
1.622383556697073,1.0011483506885934,0.8651376987296224,3.333198120637805e-13,2.228688157547789e-07,-7.707265234892532e-07,0.9999999999996783
1.6225835554637853,1.0011483503803067,0.8651474987295245,3.342626729179865e-13,2.2233827952745117e-07,-7.707265234856461e-07,0.9999999999996783
1.6238835478724538,1.00114834837644,0.8652160987288994,3.3943923729824914e-13,2.1846677487702937e-07,-7.707265234625496e-07,0.9999999999996793
1.6380835078448628,1.0011483264879517,0.8659118987232434,3.0226609438749453e-13,1.405116792156066e-07,-7.707265232457988e-07,0.9999999999996932
1.6446835102513637,1.0011483163143706,0.8662352987212247,2.425479559714763e-13,9.316573788083036e-08,-7.707265231642015e-07,0.9999999999996988
1.6447835103583754,1.0011483161602253,0.8662352987211966,2.415161964471061e-13,9.244203862156366e-08,-7.707265231630461e-07,0.9999999999996987
1.646683512737865,1.0011483132314618,0.866333298720676,2.2146376359168136e-13,7.878473161146662e-08,-7.707265231415284e-07,0.9999999999996999
1.6992835652640261,1.0011482321508018,0.868910698712855,-1.0186644549081968e-13,-4.026014776151254e-08,-7.707265227801314e-07,0.9999999999997021
1.7030835594166203,1.0011482262932865,0.8690968987125951,-9.228986819640682e-14,-3.1588992505283426e-08,-7.707265227659465e-07,0.9999999999997026
1.7050835559642166,1.0011482232103837,0.869194898712468,-8.617860639241526e-14,-2.6826700149710846e-08,-7.707265227589032e-07,0.9999999999997028
1.7214835230846515,1.0011481979306123,0.869998498711634,-2.3117840362271122e-14,9.814713205217445e-09,-7.70726522710647e-07,0.999999999999703
1.722383521266293,1.001148196543308,0.8700376987115975,-1.960251744799195e-14,1.1432726673058186e-08,-7.707265227084299e-07,0.999999999999703
1.724383517294266,1.0011481934604096,0.8701356987115191,-1.1967887143389961e-14,1.4810070564931006e-08,-7.707265227036435e-07,0.999999999999703
1.7244835170986443,1.0011481933062647,0.8701454987115153,-1.1593591471712875e-14,1.497093948181438e-08,-7.707265227034091e-07,0.999999999999703
1.7247835165129652,1.00114819284383,0.8701552987115039,-1.0474717229869598e-14,1.5448087717887814e-08,-7.70726522702709e-07,0.999999999999703
1.7260835140083732,1.001148190839946,0.8702238987114554,-5.710662390274048e-15,1.7432753526655836e-08,-7.70726522699723e-07,0.999999999999703
1.7262835136279915,1.0011481905316562,0.8702336987114482,-4.990470969002679e-15,1.772579201726067e-08,-7.707265226992704e-07,0.999999999999703
1.7272835117473777,1.001148188990207,0.8702826987114122,-1.4441786231211323e-15,1.9141101299141314e-08,-7.707265226970347e-07,0.999999999999703
1.7273835115611456,1.001148188836062,0.8702826987114086,-1.0947092328965552e-15,1.927780425842231e-08,-7.707265226968134e-07,0.9999999999997028
1.7277835108207729,1.0011481882194824,0.8703022987113945,2.9333649532913864e-16,1.9817050651398086e-08,-7.707265226959333e-07,0.9999999999997028
1.7278835106368398,1.0011481880653375,0.870312098711391,6.378812948956019e-16,1.9949974193613003e-08,-7.707265226957144e-07,0.9999999999997028
1.7283835097219176,1.0011481872946129,0.8703316987113736,2.345443725009057e-15,2.0600461806342835e-08,-7.707265226946265e-07,0.9999999999997028
1.740483491251715,1.0011481686430777,0.8709294987110128,3.440588637202591e-14,2.9764872411462657e-08,-7.707265226713594e-07,0.9999999999997026
1.7405834911319809,1.0011481684889327,0.8709294987110102,3.4587656982182724e-14,2.9788727532768426e-08,-7.707265226711897e-07,0.9999999999997026
1.7434834879238645,1.00114816401873,0.871076498710939,3.9245480454915526e-14,3.015076544168257e-08,-7.707265226664116e-07,0.9999999999997026
1.7490834831287607,1.0011481553866064,0.8713508987108153,4.485319881054452e-14,2.9133575944853955e-08,-7.70726522657934e-07,0.9999999999997026
1.8016834895460907,1.0011480743061758,0.8739282987102133,-9.073873108190236e-15,-8.262623732049844e-09,-7.70726522611405e-07,0.999999999999703
1.805483490242798,1.001148068448652,0.8741144987101933,-1.179945120715821e-14,-8.780937366591713e-09,-7.707265226095788e-07,0.999999999999703
1.8074834905105117,1.0011480653657447,0.8742124987101838,-1.2921547347901703e-14,-8.882508893213942e-09,-7.707265226086718e-07,0.999999999999703
1.8238834901910874,1.0011480400859052,0.8750160987101195,-1.4645897269023537e-14,-6.286692865065765e-09,-7.707265226024595e-07,0.999999999999703
1.823983490176976,1.0011480399317598,0.8750160987101192,-1.4621314661229612e-14,-6.257528904579049e-09,-7.707265226024276e-07,0.999999999999703
1.8247834900592257,1.001148038698597,0.8750552987101168,-1.4413977222948982e-14,-6.021372592880697e-09,-7.707265226021741e-07,0.999999999999703
1.8255834899339223,1.001148037465434,0.8750944987101144,-1.4185899420322365e-14,-5.779532918243315e-09,-7.707265226019246e-07,0.999999999999703
1.827183489661878,1.0011480349991082,0.8751728987101095,-1.3671232940318098e-14,-5.281099593408274e-09,-7.707265226014376e-07,0.999999999999703
1.8286834893826807,1.0011480326869278,0.875251298710105,-1.3123592733248118e-14,-4.7993424149989795e-09,-7.707265226009949e-07,0.999999999999703
1.8307834889568513,1.0011480294498751,0.8753492987100996,-1.2262593594500191e-14,-4.108168301364352e-09,-7.70726522600397e-07,0.999999999999703
1.8458834852138082,1.00114800617393,0.8760940987100662,-4.3333849495789906e-15,6.710202952923011e-10,-7.707265225967645e-07,0.999999999999703
1.8514834837918674,1.001147997541802,0.8763684987100565,-1.352938154260103e-15,2.036245228909017e-09,-7.70726522595673e-07,0.999999999999703
1.8706834801873717,1.0011479679459094,0.8773092987100324,5.4361837644664555e-15,3.996677052946819e-09,-7.707265225927373e-07,0.999999999999703
1.9040834797892359,1.0011479164613581,0.8789458987100114,2.958712317939342e-15,6.653101286451838e-10,-7.707265225896831e-07,0.999999999999703
1.9078834800065043,1.0011479106038343,0.8791320987100104,2.151951832733158e-15,2.2296353398039405e-10,-7.70726522589448e-07,0.999999999999703
1.9098834801241777,1.001147907520927,0.8792300987100099,1.7321208947868696e-15,8.472009067960893e-12,-7.707265225893312e-07,0.999999999999703
1.9271834810014217,1.0011478808537793,0.8800728987100055,-1.2011114250343372e-15,-1.1563049737005451e-09,-7.707265225884947e-07,0.999999999999703
1.9279834810293486,1.0011478796206164,0.8801120987100053,-1.2920476775177906e-15,-1.1780849198350853e-09,-7.707265225884625e-07,0.999999999999703
1.9295834810807464,1.0011478771542905,0.8801904987100049,-1.4599404350051567e-15,-1.2134331128878344e-09,-7.707265225883999e-07,0.999999999999703
1.9310834811233972,1.00114787484211,0.8802688987100045,-1.600286315961584e-15,-1.2368838663081224e-09,-7.707265225883429e-07,0.999999999999703
1.9323834811559766,1.0011478728382204,0.8803276987100042,-1.7084674800729542e-15,-1.2498291079140163e-09,-7.707265225882948e-07,0.999999999999703
1.9326834811628932,1.0011478723757843,0.8803472987100041,-1.7316880660109098e-15,-1.2518895911270372e-09,-7.70726522588284e-07,0.999999999999703
1.933183481173963,1.0011478716050575,0.880366898710004,-1.768865289050922e-15,-1.2545130404502885e-09,-7.70726522588266e-07,0.999999999999703
1.953883481128738,1.0011478396969673,0.8813860987099986,-1.873306167632669e-15,-7.295920779961928e-10,-7.707265225876576e-07,0.999999999999703
1.9730834805446413,1.0011478101010576,0.8823268987099937,-5.367689129249418e-16,1.0837901789319236e-10,-7.707265225872799e-07,0.999999999999703
2.0064834798364886,1.0011477586165063,0.8839634987099851,8.448815276485572e-16,4.739405391079877e-10,-7.707265225868868e-07,0.999999999999703
2.0122834798211735,1.0011477496760752,0.8842476987099837,8.097189826296434e-16,3.955018135551158e-10,-7.707265225868417e-07,0.999999999999703
2.0295834799046157,1.0011477230089274,0.8850904987099792,4.195223940789342e-16,9.616864438509473e-11,-7.707265225867342e-07,0.999999999999703
2.030383479911204,1.0011477217757645,0.885129698709979,3.9645435474871405e-16,8.286539094188118e-11,-7.707265225867299e-07,0.999999999999703
2.031983479924676,1.0011477193094387,0.8852080987099786,3.5010650860214067e-16,5.6922177680073674e-11,-7.707265225867215e-07,0.999999999999703
2.0334834799375696,1.0011477169972582,0.8852864987099782,3.0664422944015924e-16,3.349967932328029e-11,-7.707265225867135e-07,0.999999999999703
2.0350834799514823,1.0011477145309324,0.8853648987099778,2.6056191326822094e-16,9.586019472347427e-12,-7.707265225867061e-07,0.999999999999703
2.035583479955845,1.0011477137602056,0.8853844987099777,2.462640660083763e-16,2.3562412378110986e-12,-7.70726522586704e-07,0.999999999999703
2.056283480104239,1.0011476818521154,0.8864036987099724,-2.1013807301414843e-16,-1.715231857528867e-10,-7.707265225866266e-07,0.999999999999703
2.075483480127832,1.0011476522562057,0.8873444987099675,-2.8444393671653276e-16,-1.2937700729734474e-10,-7.707265225865784e-07,0.999999999999703
2.0755834801276625,1.0011476521020604,0.8873444987099675,-2.840251889998349e-16,-1.2883326745770942e-10,-7.707265225865782e-07,0.999999999999703
2.075783480127314,1.0011476517937696,0.8873542987099674,-2.8317452521026155e-16,-1.2774284474850687e-10,-7.707265225865778e-07,0.999999999999703
2.1088834800028793,1.0011476007716544,0.8889810987099589,1.5410054081053454e-17,5.161430113886691e-11,-7.707265225865289e-07,0.999999999999703
2.1146834799831478,1.0011475918312234,0.8892652987099574,5.819083318791892e-17,6.522722842768466e-11,-7.707265225865227e-07,0.999999999999703
2.129783479952622,1.0011475685552735,0.8900002987099536,1.1332774465971775e-16,6.77728715607657e-11,-7.707265225865067e-07,0.999999999999703
2.131983479950786,1.0011475651640755,0.890108098709953,1.146389287611162e-16,6.491068628305692e-11,-7.707265225865044e-07,0.999999999999703
2.1327834799502736,1.0011475639309126,0.8901472987099528,1.147337026305472e-16,6.37157945863227e-11,-7.707265225865036e-07,0.999999999999703
2.1343834799494847,1.0011475614645868,0.8902256987099524,1.143392784875869e-16,6.110232189950668e-11,-7.707265225865019e-07,0.999999999999703
2.135883479949025,1.0011475591524064,0.890304098709952,1.1329408708296128e-16,5.840581574991679e-11,-7.707265225865003e-07,0.999999999999703
2.1374834799488154,1.0011475566860806,0.8903824987099516,1.1149754191946756e-16,5.529609512976504e-11,-7.707265225864986e-07,0.999999999999703
2.1379834799488076,1.0011475559153538,0.8904020987099515,1.1079791277297134e-16,5.42794283758681e-11,-7.707265225864981e-07,0.999999999999703
2.1456834799517317,1.0011475440461608,0.8907842987099495,9.305761470092097e-17,3.677999223483396e-11,-7.707265225864919e-07,0.999999999999703
2.158683479965221,1.0011475240072636,0.8914212987099461,4.542616212123287e-17,6.099089952669729e-12,-7.707265225864919e-07,0.999999999999703
2.1781834799873017,1.0011474939489178,0.8923718987099412,-2.0219252817815546e-17,-2.1886949741957956e-11,-7.707265225864919e-07,0.999999999999703
2.178283479987386,1.0011474937947724,0.8923816987099411,-2.0454624974306514e-17,-2.1950857433536493e-11,-7.707265225864919e-07,0.999999999999703
2.1794834799883636,1.001147491945028,0.8924404987099408,-2.3172627877856088e-17,-2.2650579015440036e-11,-7.707265225864919e-07,0.999999999999703
2.2112834799911285,1.0011474429268026,0.8939986987099326,-3.0264613495349487e-17,-1.0009805216381529e-11,-7.707265225864919e-07,0.999999999999703
2.232183479979588,1.0011474107104217,0.8950178987099273,-1.5126939454610965e-18,5.571826338865618e-12,-7.707265225864919e-07,0.999999999999703
2.2351834799780517,1.0011474060860608,0.8951648987099265,2.065079552321469e-18,6.943555685291787e-12,-7.707265225864919e-07,0.999999999999703
2.2367834799772806,1.001147403619735,0.8952432987099261,3.827701481225554e-18,7.561922537185112e-12,-7.707265225864919e-07,0.999999999999703
2.2382834799765923,1.0011474013075545,0.8953216987099257,5.37994525577787e-18,8.069589958067607e-12,-7.707265225864919e-07,0.999999999999703
2.2398834799758975,1.0011473988412287,0.8954000987099253,6.923068103971812e-18,8.534198992088278e-12,-7.707265225864919e-07,0.999999999999703
2.2403834799756885,1.001147398070502,0.8954196987099252,7.380610101612832e-18,8.663120143123323e-12,-7.707265225864919e-07,0.999999999999703
2.248083479973043,1.001147386201309,0.8958018987099232,1.28691153096828e-17,9.71432525712049e-12,-7.707265225864919e-07,0.999999999999703
2.255983479971485,1.0011473740238253,0.8961840987099212,1.5416597733947153e-17,9.173200190366685e-12,-7.707265225864919e-07,0.999999999999703
2.2570834799713593,1.0011473723282263,0.8962428987099209,1.5536013967858837e-17,8.990878184772383e-12,-7.707265225864919e-07,0.999999999999703
2.2610834799710804,1.0011473661624117,0.8964388987099199,1.5529030115285173e-17,8.151310520666117e-12,-7.707265225864919e-07,0.999999999999703
2.2818834799729166,1.0011473341001762,0.8974580987099146,7.789165579603799e-18,1.6834405715525827e-12,-7.707265225864919e-07,0.999999999999703
2.3136834799773847,1.0011472850819507,0.8990162987099064,-4.996962389307087e-18,-3.3842235116817426e-12,-7.707265225864919e-07,0.999999999999703
2.337583479977154,1.001147248241209,0.9001824987099003,-4.150427014949411e-18,-1.3840455930327298e-12,-7.707265225864919e-07,0.999999999999703
2.339183479977051,1.0011472457748831,0.9002608987098999,-3.873568405958684e-18,-1.1907660642535087e-12,-7.707265225864919e-07,0.999999999999703
2.3406834799769474,1.0011472434627027,0.9003392987098995,-3.602137002549983e-18,-1.0104946516008141e-12,-7.707265225864919e-07,0.999999999999703
2.342283479976833,1.0011472409963769,0.9004176987098991,-3.302340579037432e-18,-8.203725172968312e-13,-7.707265225864919e-07,0.999999999999703
2.350483479976204,1.001147228356457,0.900819498709897,-1.6921505343101344e-18,7.778687981426668e-14,-7.707265225864919e-07,0.999999999999703
2.3583834799756027,1.0011472161789734,0.901201698709895,-2.2424422544140156e-19,7.454353353093569e-13,-7.707265225864919e-07,0.999999999999703
2.359483479975525,1.0011472144833744,0.9012604987098947,-3.8950130673560976e-20,8.190577314798351e-13,-7.707265225864919e-07,0.999999999999703
2.3634834799752586,1.0011472083175599,0.9014564987098936,5.809346130494895e-19,1.0439008506868284e-12,-7.707265225864919e-07,0.999999999999703
2.384283479974472,1.0011471762553243,0.9024756987098883,2.126175781707182e-18,1.1957732738583635e-12,-7.707265225864919e-07,0.999999999999703
2.4160834799748874,1.0011471272370989,0.9040338987098802,4.75339540001512e-19,-8.457060011852554e-14,-7.707265225864919e-07,0.999999999999703
2.439983479975298,1.001147090396357,0.9052000987098741,-6.890965651687193e-19,-4.668310273146911e-13,-7.707265225864919e-07,0.999999999999703
2.4415834799753084,1.0011470879300313,0.9052784987098736,-7.180194135574105e-19,-4.628978023851962e-13,-7.707265225864919e-07,0.999999999999703
2.4430834799753183,1.0011470856178508,0.9053568987098732,-7.393670968774068e-19,-4.564769461758424e-13,-7.707265225864919e-07,0.999999999999703
2.444683479975323,1.001147083151525,0.9054352987098728,-7.561193038866371e-19,-4.468874681931055e-13,-7.707265225864919e-07,0.999999999999703
2.452883479975321,1.0011470705116052,0.9058370987098707,-7.528661662340628e-19,-3.612946082594153e-13,-7.707265225864919e-07,0.999999999999703
2.4607834799752752,1.0011470583341215,0.9062192987098687,-6.357084005396117e-19,-2.415518743234915e-13,-7.707265225864919e-07,0.999999999999703
2.461883479975268,1.0011470566385225,0.9062780987098684,-6.128985940840224e-19,-2.2350985816646365e-13,-7.707265225864919e-07,0.999999999999703
2.461983479975267,1.0011470564843772,0.9062780987098684,-6.107546234074207e-19,-2.2185951668942017e-13,-7.707265225864919e-07,0.999999999999703
2.465883479975228,1.001147050472708,0.9064740987098674,-5.204805260478649e-19,-1.5727776106110037e-13,-7.707265225864919e-07,0.999999999999703
2.467283479975212,1.001147048314673,0.906542698709867,-4.853657578218253e-19,-1.342429775687484e-13,-7.707265225864919e-07,0.999999999999703
2.4866834799749946,1.0011470184104725,0.9074932987098621,1.5287203111436412e-20,1.1902469386211454e-13,-7.707265225864919e-07,0.999999999999703
2.51848347997482,1.001146969392247,0.9090514987098539,2.7290747614919253e-19,1.2544973536353837e-13,-7.707265225864919e-07,0.999999999999703
2.5423834799748675,1.0011469325515052,0.9102176987098478,6.374116113828067e-20,-1.2536640312314756e-14,-7.707265225864919e-07,0.999999999999703
2.543983479974871,1.0011469300851794,0.9102960987098474,4.8359011102440535e-20,-1.9691073330728747e-14,-7.707265225864919e-07,0.999999999999703
2.545483479974874,1.001146927772999,0.910374498709847,3.4332125417973835e-20,-2.5950168942165474e-14,-7.707265225864919e-07,0.999999999999703
2.5470834799748774,1.0011469253066732,0.9104528987098466,1.98655270482686e-20,-3.212822258003058e-14,-7.707265225864919e-07,0.999999999999703
2.5552834799748947,1.0011469126667534,0.9108546987098445,-4.383645692433472e-20,-5.527427463420743e-14,-7.707265225864919e-07,0.999999999999703
2.5602834799749052,1.0011469049594852,0.9110996987098432,-7.228520895648112e-20,-6.233088871776424e-14,-7.707265225864919e-07,0.999999999999703
2.5631834799749114,1.0011469004892697,0.9112368987098425,-8.479554003468744e-20,-6.410030156850623e-14,-7.707265225864919e-07,0.999999999999703
2.5680834799749186,1.001146892936147,0.9114818987098412,-9.922771560841838e-20,-6.35795750455797e-14,-7.707265225864919e-07,0.999999999999703
2.568283479974918,1.0011468926278562,0.9114916987098411,-9.964092980545899e-20,-6.347217579744501e-14,-7.707265225864919e-07,0.999999999999703
2.568383479974918,1.0011468924737108,0.9114916987098411,-9.984130684154762e-20,-6.34153803537844e-14,-7.707265225864919e-07,0.999999999999703
2.569683479974915,1.001146890469821,0.9115602987098408,-1.0215739830397403e-19,-6.25467341616461e-14,-7.707265225864919e-07,0.999999999999703
2.572283479974909,1.0011468864620416,0.9116876987098401,-1.0512996068294938e-19,-6.007044521950292e-14,-7.707265225864919e-07,0.999999999999703
2.5723834799749086,1.0011468863078963,0.9116876987098401,-1.0520022885300905e-19,-5.995612173153522e-14,-7.707265225864919e-07,0.999999999999703
2.573983479974905,1.0011468838415705,0.9117660987098397,-1.0592706223734908e-19,-5.796697574995988e-14,-7.707265225864919e-07,0.999999999999703
2.5890834799748697,1.0011468605656206,0.9125108987098358,-8.119827926839874e-20,-2.859500105773411e-14,-7.707265225864919e-07,0.999999999999703
2.5891834799748694,1.0011468604114753,0.9125108987098358,-8.089138184689189e-20,-2.8367559310236304e-14,-7.707265225864919e-07,0.999999999999703
2.5907834799748657,1.0011468579451495,0.9125892987098354,-7.583427753286834e-20,-2.4728242514411233e-14,-7.707265225864919e-07,0.999999999999703
2.6208834799747955,1.0011468115473952,0.9140690987098277,2.249595052391341e-20,2.273025267672664e-14,-7.707265225864919e-07,0.999999999999703
2.6209834799747953,1.0011468113932498,0.9140690987098277,2.2704590454902484e-20,2.2780453359221772e-14,-7.707265225864919e-07,0.999999999999703
2.6242834799747876,1.0011468063064528,0.9142356987098268,2.887943042481069e-20,2.402083673421052e-14,-7.707265225864919e-07,0.999999999999703
2.64478347997474,1.0011467747066534,0.9152352987098216,3.723014679253373e-20,1.7028507225963143e-14,-7.707265225864919e-07,0.999999999999703
2.646383479974736,1.0011467722403276,0.9153136987098212,3.6067578944148344e-20,1.578957727949061e-14,-7.707265225864919e-07,0.999999999999703
2.649483479974729,1.0011467674618213,0.9154704987098203,3.329956205766091e-20,1.3270460923818124e-14,-7.707265225864919e-07,0.999999999999703
2.6576834799747098,1.0011467548219015,0.9158722987098182,2.359581644233833e-20,6.355450460061068e-15,-7.707265225864919e-07,0.999999999999703
2.6655834799746914,1.0011467426444178,0.9162544987098162,1.2781327241107712e-20,2.381731836241984e-16,-7.707265225864919e-07,0.999999999999703
2.665683479974691,1.0011467424902725,0.9162642987098162,1.2644228557409058e-20,1.6801830196811534e-16,-7.707265225864919e-07,0.999999999999703
2.667383479974687,1.0011467398698013,0.9163426987098158,1.0327381719608357e-20,-9.90042354492062e-16,-7.707265225864919e-07,0.999999999999703
2.67048347997468,1.001146735091295,0.916499498709815,6.2227631509004995e-21,-2.9207548286015215e-15,-7.707265225864919e-07,0.999999999999703
2.672083479974676,1.0011467326249692,0.9165778987098145,4.188777884584929e-21,-3.818765156573658e-15,-7.707265225864919e-07,0.999999999999703
2.676383479974666,1.0011467259967186,0.9167836987098135,-8.945512886026904e-22,-5.874743437351581e-15,-7.707265225864919e-07,0.999999999999703
2.6797834799746583,1.0011467207557763,0.9169502987098126,-4.4317323087125734e-21,-7.11721781423739e-15,-7.707265225864919e-07,0.999999999999703
2.6912834799746315,1.0011467030290595,0.9175186987098096,-1.2539421744252868e-20,-8.85347419589863e-15,-7.707265225864919e-07,0.999999999999703
2.693183479974627,1.0011467001002976,0.9176068987098092,-1.3271016180891004e-20,-8.805056098550614e-15,-7.707265225864919e-07,0.999999999999703
2.726683479974549,1.001146648461601,0.9192532987098005,-5.651060824998646e-21,-5.15309630473678e-16,-7.707265225864919e-07,0.999999999999703
2.747183479974501,1.0011466168618015,0.9202528987097953,3.1005141489982896e-21,3.1036452809028595e-15,-7.707265225864919e-07,0.999999999999703
2.7487834799744975,1.0011466143954757,0.9203312987097949,3.535408033029178e-21,3.199782201422582e-15,-7.707265225864919e-07,0.999999999999703
2.7518834799744902,1.0011466096169694,0.9204880987097941,4.248249889982604e-21,3.3124434437356607e-15,-7.707265225864919e-07,0.999999999999703
2.760083479974471,1.0011465969770497,0.920889898709792,5.307656228937854e-21,3.1991155336019336e-15,-7.707265225864919e-07,0.999999999999703
2.7697834799744485,1.0011465820249494,0.9213602987097895,5.183748264193582e-21,2.4672366257195587e-15,-7.707265225864919e-07,0.999999999999703
2.776383479974433,1.0011465718513555,0.9216836987097878,4.4499961834538095e-21,1.7556461703097984e-15,-7.707265225864919e-07,0.999999999999703
2.776483479974433,1.00114657169721,0.9216934987097878,4.435903776777683e-21,1.7442540438399506e-15,-7.707265225864919e-07,0.999999999999703
2.776883479974432,1.0011465710806287,0.9217130987097877,4.378500677820846e-21,1.698490785899443e-15,-7.707265225864919e-07,0.999999999999703
2.7787834799744275,1.0011465681518668,0.9218012987097872,4.091361957925832e-21,1.4790260332297535e-15,-7.707265225864919e-07,0.999999999999703
2.7821834799744196,1.0011465629109244,0.9219678987097863,3.524497706731738e-21,1.0848308156167793e-15,-7.707265225864919e-07,0.999999999999703
2.793683479974393,1.0011465451842076,0.9225362987097834,1.389354529759223e-21,-1.2794168438253898e-16,-7.707265225864919e-07,0.999999999999703
2.7955834799743884,1.0011465422554457,0.9226244987097829,1.0427046817437166e-21,-2.946682526216164e-16,-7.707265225864919e-07,0.999999999999703
2.8290834799743103,1.001146490616749,0.9242708987097743,-1.9598249052256425e-21,-1.0599429025603302e-15,-7.707265225864919e-07,0.999999999999703
2.8495834799742625,1.0011464590169497,0.9252704987097691,-9.853210976696914e-22,-2.648862418211744e-16,-7.707265225864919e-07,0.999999999999703
2.851183479974259,1.0011464565506238,0.9253488987097687,-8.74990924180052e-22,-1.9986362021996178e-16,-7.707265225864919e-07,0.999999999999703
2.8624834799742325,1.0011464391321978,0.9259074987097657,-1.2429641174068387e-22,1.8932493344253556e-16,-7.707265225864919e-07,0.999999999999703
2.87218347997421,1.0011464241800976,0.9263778987097633,3.7689598624244997e-22,3.8587911199860463e-16,-7.707265225864919e-07,0.999999999999703
2.8792834799741933,1.0011464132357768,0.9267306987097614,6.1001603662426445e-22,4.4486806806587115e-16,-7.707265225864919e-07,0.999999999999703
2.881183479974189,1.001146410307015,0.926818898709761,6.546779839986685e-22,4.504960641935968e-16,-7.707265225864919e-07,0.999999999999703
2.882883479974185,1.0011464076865437,0.9269070987097605,6.879689049258483e-22,4.522864525857661e-16,-7.707265225864919e-07,0.999999999999703
2.8829834799741847,1.0011464075323984,0.9269070987097605,6.896290975772412e-22,4.522954576254166e-16,-7.707265225864919e-07,0.999999999999703
2.884583479974181,1.0011464050660726,0.9269854987097601,7.119806071246715e-22,4.511648695509101e-16,-7.707265225864919e-07,0.999999999999703
2.8846834799741807,1.0011464049119272,0.92699529870976,7.1311909631775755e-22,4.510161665201001e-16,-7.707265225864919e-07,0.999999999999703
2.885383479974179,1.0011464038329096,0.9270246987097599,7.2011683003900715e-22,4.496790738420487e-16,-7.707265225864919e-07,0.999999999999703
2.896083479974154,1.0011463873393558,0.9275538987097571,6.6334976386237975e-22,3.7880246612749834e-16,-7.707265225864919e-07,0.999999999999703
2.8979834799741497,1.001146384410594,0.9276420987097567,6.336328409407314e-22,3.5775440365207154e-16,-7.707265225864919e-07,0.999999999999703
2.9314834799740717,1.0011463327718972,0.9292884987097481,-8.58948753700489e-23,-9.435606864447159e-17,-7.707265225864919e-07,0.999999999999703
2.951983479974024,1.0011463011720978,0.9302880987097428,-2.556420512250104e-22,-1.880747851318915e-16,-7.707265225864919e-07,0.999999999999703
2.95358347997402,1.001146298705772,0.9303664987097424,-2.4998611716740903e-22,-1.827383712972598e-16,-7.707265225864919e-07,0.999999999999703
2.964883479973994,1.001146281287346,0.9309250987097395,-1.5153835076946768e-22,-1.3068800004483757e-16,-7.707265225864919e-07,0.999999999999703
2.974583479973971,1.0011462663352457,0.931395498709737,-7.21569149204115e-23,-9.374496040155542e-17,-7.707265225864919e-07,0.999999999999703
2.974683479973971,1.0011462661811004,0.931405298709737,-7.143851572198235e-23,-9.340431375266386e-17,-7.707265225864919e-07,0.999999999999703
2.9835834799739502,1.001146252462163,0.9318364987097347,-1.5025678381875498e-23,-6.622451348158508e-17,-7.707265225864919e-07,0.999999999999703
2.9852834799739463,1.0011462498416919,0.9319246987097343,-5.850884832279094e-24,-6.17123746023793e-17,-7.707265225864919e-07,0.999999999999703
2.985383479973946,1.0011462496875465,0.9319246987097343,-5.3262308554729916e-24,-6.145345017222883e-17,-7.707265225864919e-07,0.999999999999703
2.986283479973944,1.0011462483002382,0.931973698709734,-6.783187064617541e-25,-5.915520746502269e-17,-7.707265225864919e-07,0.999999999999703
2.9877834799739404,1.0011462459880578,0.9320422987097337,6.77686473005871e-24,-5.5451595232420316e-17,-7.707265225864919e-07,0.999999999999703
2.9984834799739155,1.001146229494504,0.9325714987097309,5.026165927556777e-23,-3.332728030857147e-17,-7.707265225864919e-07,0.999999999999703
3.000383479973911,1.001146226565742,0.9326596987097304,5.637539812586702e-23,-3.012429226516667e-17,-7.707265225864919e-07,0.999999999999703
3.033883479973833,1.0011461749270454,0.9343060987097218,1.09444279206842e-22,3.3047203779834027e-19,-7.707265225864919e-07,0.999999999999703
3.0543834799737852,1.001146143327246,0.9353056987097166,1.1277874831362634e-22,4.171776524495406e-18,-7.707265225864919e-07,0.999999999999703
3.054483479973785,1.0011461431731006,0.9353154987097165,1.1277013885546004e-22,4.176426311299676e-18,-7.707265225864919e-07,0.999999999999703
3.0554834799737827,1.001146141631647,0.9353644987097163,1.126750327447297e-22,4.217476228771444e-18,-7.707265225864919e-07,0.999999999999703
3.0559834799737815,1.0011461408609201,0.9353840987097162,1.1262151638471253e-22,4.234376587348895e-18,-7.707265225864919e-07,0.999999999999703
3.067283479973755,1.001146123442494,0.9359426987097132,1.1058363956323859e-22,4.088545836812135e-18,-7.707265225864919e-07,0.999999999999703
3.067383479973755,1.0011461232883487,0.9359426987097132,1.1056017268686737e-22,4.083584319172831e-18,-7.707265225864919e-07,0.999999999999703
3.070783479973747,1.0011461180474064,0.9361092987097124,1.0972425024749825e-22,3.8862495689723745e-18,-7.707265225864919e-07,0.999999999999703
3.0769834799737326,1.0011461084903939,0.9364130987097108,1.08059533896022e-22,3.4097033486077788e-18,-7.707265225864919e-07,0.999999999999703
3.0770834799737323,1.0011461083362485,0.9364228987097107,1.080316760263021e-22,3.4010397291981413e-18,-7.707265225864919e-07,0.999999999999703
3.082783479973719,1.0011460995499628,0.9366972987097093,1.064172464837902e-22,2.8704435428506718e-18,-7.707265225864919e-07,0.999999999999703
3.0859834799737116,1.0011460946173112,0.9368540987097085,1.0550235314398944e-22,2.5489744269442943e-18,-7.707265225864919e-07,0.999999999999703
3.0886834799737053,1.0011460904553864,0.9369912987097078,1.0473458902566009e-22,2.2697113856797672e-18,-7.707265225864919e-07,0.999999999999703
3.088783479973705,1.001146090301241,0.9369912987097078,1.0470629667879547e-22,2.2592686832155737e-18,-7.707265225864919e-07,0.999999999999703
3.090183479973702,1.001146088143206,0.9370598987097074,1.0431161102783178e-22,2.1125236366156548e-18,-7.707265225864919e-07,0.999999999999703
3.0941834799736925,1.0011460819773914,0.9372558987097064,1.03202395344162e-22,1.6900742241077641e-18,-7.707265225864919e-07,0.999999999999703
3.100883479973677,1.001146071649652,0.9375890987097046,1.0142999612286145e-22,9.873949033936368e-19,-7.707265225864919e-07,0.999999999999703
3.1027834799736724,1.0011460687208902,0.9376772987097042,1.0095144378194605e-22,7.923153656603745e-19,-7.707265225864919e-07,0.999999999999703
3.1362834799735944,1.0011460170821935,0.9393236987096956,9.469100303024642e-23,-1.9596085408219553e-18,-7.707265225864919e-07,0.999999999999703
3.144083479973576,1.0011460050588552,0.9397058987096936,9.381388005553673e-23,-2.380214284959136e-18,-7.707265225864919e-07,0.999999999999703
3.157883479973544,1.001145983786795,0.94038209870969,9.269508195627609e-23,-2.938634108932683e-18,-7.707265225864919e-07,0.999999999999703
3.158383479973543,1.0011459830160683,0.9404016987096899,9.266357676773977e-23,-2.954864097703095e-18,-7.707265225864919e-07,0.999999999999703
3.1731834799735084,1.0011459602025545,0.9411268987096861,9.196122027068575e-23,-3.3293431955327003e-18,-7.707265225864919e-07,0.999999999999703
3.173283479973508,1.0011459600484092,0.9411366987096861,9.195780535886904e-23,-3.3312493793450543e-18,-7.707265225864919e-07,0.999999999999703
3.1748834799735044,1.0011459575820834,0.9412150987096857,9.190525330949521e-23,-3.360748705767909e-18,-7.707265225864919e-07,0.999999999999703
3.181983479973488,1.0011459466377626,0.9415580987096839,9.1715617875351e-23,-3.470559899882016e-18,-7.707265225864919e-07,0.999999999999703
3.1820834799734876,1.0011459464836172,0.9415678987096838,9.171341179913457e-23,-3.471878966660671e-18,-7.707265225864919e-07,0.999999999999703
3.1851834799734804,1.001145941705111,0.9417148987096831,9.165077028153977e-23,-3.5099185138236036e-18,-7.707265225864919e-07,0.999999999999703
3.1855834799734795,1.0011459410885295,0.941734498709683,9.164346768059581e-23,-3.514437895900097e-18,-7.707265225864919e-07,0.999999999999703
3.188383479973473,1.0011459367724593,0.9418716987096822,9.159700744902586e-23,-3.5437317120395936e-18,-7.707265225864919e-07,0.999999999999703
3.1884834799734727,1.001145936618314,0.9418814987096822,9.15954934133907e-23,-3.544704559033298e-18,-7.707265225864919e-07,0.999999999999703
3.1885834799734725,1.0011459364641686,0.9418814987096822,9.159398905660999e-23,-3.545672497266363e-18,-7.707265225864919e-07,0.999999999999703
3.192583479973463,1.001145930298354,0.9420774987096812,9.154137642945571e-23,-3.5805326288659985e-18,-7.707265225864919e-07,0.999999999999703
3.192683479973463,1.0011459301442087,0.9420872987096811,9.154024099518461e-23,-3.581311812676244e-18,-7.707265225864919e-07,0.999999999999703
3.193583479973461,1.0011459287569004,0.9421264987096809,9.153039367745356e-23,-3.588132322289267e-18,-7.707265225864919e-07,0.999999999999703
3.196583479973454,1.0011459241325396,0.9422734987096801,9.15021687091619e-23,-3.608474702609512e-18,-7.707265225864919e-07,0.999999999999703
3.203283479973438,1.0011459138048002,0.9426066987096784,9.146148476474429e-23,-3.642084477250096e-18,-7.707265225864919e-07,0.999999999999703
3.203383479973438,1.0011459136506549,0.9426066987096784,9.146108245870242e-23,-3.64247586266228e-18,-7.707265225864919e-07,0.999999999999703
3.2049834799734342,1.001145911184329,0.942685098709678,9.14553729767804e-23,-3.6483402904232435e-18,-7.707265225864919e-07,0.999999999999703
3.205183479973434,1.0011459108760383,0.9426948987096779,9.145475295954656e-23,-3.649021934976813e-18,-7.707265225864919e-07,0.999999999999703
3.2052834799734335,1.001145910721893,0.9427046987096779,9.145445054223348e-23,-3.6493585747287545e-18,-7.707265225864919e-07,0.999999999999703
3.208083479973427,1.0011459064058228,0.9428418987096772,9.144794590247427e-23,-3.657696030787481e-18,-7.707265225864919e-07,0.999999999999703
3.2108834799734205,1.0011459020897526,0.9429790987096764,9.144491957734977e-23,-3.664081064049956e-18,-7.707265225864919e-07,0.999999999999703
3.2464834799733375,1.0011458472140033,0.9447234987096673,9.156320063486496e-23,-3.647537857966052e-18,-7.707265225864919e-07,0.999999999999703
3.2602834799733054,1.0011458259419432,0.9453996987096638,9.1628757452211e-23,-3.6229031521470915e-18,-7.707265225864919e-07,0.999999999999703
3.260783479973304,1.0011458251712164,0.9454192987096637,9.163100462248972e-23,-3.622007875274989e-18,-7.707265225864919e-07,0.999999999999703
3.287582993447065,1.0011457838610114,0.9467324986915898,-1.435029342853632e-10,-0.00018619176851969422,-7.707265092269597e-07,0.9999999826660156
3.2879827669669477,1.001145783244779,0.9467520986777606,-1.7277057422049052e-10,-0.00022416586059699625,-7.707265032218599e-07,0.9999999748745363
3.2907784223996495,1.001145778935408,0.9468892981288002,-4.42605461372148e-10,-0.0005742704427593341,-7.707263954988646e-07,0.9999998351064187
3.295941032090894,1.0011457709774882,0.9471440855900445,-1.1858240775868934e-09,-0.0015385795646516744,-7.707256103436056e-07,0.9999988163854642
3.29888575541696,1.0011457664383343,0.9472910548981286,-1.7126706521172042e-09,-0.002222150921145408,-7.707246196778092e-07,0.999997531019297
3.30969572718615,1.0011457497752714,0.947858667956765,-3.902856293231099e-09,-0.005063866597106759,-7.707166407513329e-07,0.9999871785450516
3.3097850777659015,1.0011457496375415,0.9478586525564765,-3.920843207743205e-09,-0.005087204206472708,-7.707165494569356e-07,0.9999870600926634
3.3121569825428048,1.0011457459813617,0.9479953465407367,-4.389479056362394e-09,-0.0056952484801358755,-7.707140228981685e-07,0.999983781940565
3.3201015216217447,1.0011457337352279,0.9484718131944395,-5.689078357945353e-09,-0.007381448790488754,-7.707055254801942e-07,0.9999727567354821
3.3201749279287247,1.0011457336220755,0.9484815572269526,-5.6982129378292375e-09,-0.0073933006985471734,-7.70705457997788e-07,0.9999726691786065
3.3241823612298362,1.0011457274448061,0.9487618285212734,-6.069296237482353e-09,-0.007874772775578692,-7.70702625051612e-07,0.9999689934958679
3.333984700978255,1.0011457123349594,0.9497095587410109,-5.194792202259154e-09,-0.0067401238312447,-7.707090156162958e-07,0.9999772851070897
3.337705938424317,1.0011457065988458,0.950366782885817,-3.368895018874211e-09,-0.004371064080638424,-7.707191597233162e-07,0.9999904468534732
3.3378045403882006,1.0011457064468554,0.9503857223411849,-3.2972607248453115e-09,-0.004278120225808466,-7.707194695153196e-07,0.9999908488014977
3.341106880298804,1.0011457013564535,0.9516708927179612,-2.407517794462581e-10,-0.00031236991642411054,-7.707264849846825e-07,0.9999999512122195
3.3411501663876235,1.00114570128973,0.9516999138927542,-2.0810910439370193e-10,-0.00027001679362901085,-7.707264944900132e-07,0.9999999635451681
3.3413821356858118,1.0011457009321605,0.951825347503958,-5.0006376181569517e-11,-6.488212707893136e-05,-7.707265209642303e-07,0.9999999978948578
3.3418282135428554,1.001145700244551,0.9520767155226059,1.6993435548010596e-10,0.0002204859317800049,-7.707265038524228e-07,0.9999999756926797
3.342089940609321,1.0011456998411115,0.9522219292724636,2.487895417950629e-10,0.00032279872886696625,-7.707264824320158e-07,0.9999999479001921
3.3428368586791772,1.0011456986897724,0.9526194744984406,3.081319842103302e-10,0.0003997941879256456,-7.707264609917988e-07,0.9999999200820036
