map,iteration,drones,time
0,1,1,10.95
0,2,1,10.82
0,3,1,11.1
0,4,1,10.55
0,5,1,10.59
0,6,1,11.0
0,7,1,11.26
0,8,1,10.9
0,9,1,11.03
0,10,1,10.62
0,11,1,10.94
0,12,1,11.25
0,13,1,11.21
0,14,1,10.83
0,15,1,10.88
0,16,1,11.16
0,17,1,10.92
0,18,1,11.09
0,19,1,11.1
0,20,1,11.42
0,21,1,11.3
0,22,1,11.01
0,23,1,10.95
0,24,1,10.78
0,25,1,10.99
0,26,1,11.0
0,27,1,10.93
0,28,1,10.93
0,29,1,11.09
0,30,1,11.24
0,1,2,6.41
0,2,2,6.1
0,3,2,6.72
0,4,2,6.21
0,5,2,6.16
0,6,2,6.21
0,7,2,6.11
0,8,2,6.46
0,9,2,6.62
0,10,2,6.77
0,11,2,6.37
0,12,2,6.15
0,13,2,6.18
0,14,2,5.92
0,15,2,6.31
0,16,2,86.66
0,17,2,6.82
0,18,2,6.22
0,19,2,6.18
0,20,2,6.37
0,21,2,6.49
0,22,2,6.37
0,23,2,6.04
0,24,2,6.65
0,25,2,6.08
0,26,2,6.12
0,27,2,6.04
0,28,2,6.26
0,29,2,6.58
0,30,2,6.49
0,1,3,4.8
0,2,3,4.71
0,3,3,4.77
0,4,3,4.55
0,5,3,4.38
0,6,3,4.77
0,7,3,4.65
0,8,3,3.87
0,9,3,4.65
0,10,3,4.3
0,11,3,5.98
0,12,3,4.24
0,13,3,9.78
0,14,3,4.75
0,15,3,4.2
0,16,3,4.16
0,17,3,4.25
0,18,3,4.72
0,19,3,4.22
0,20,3,4.31
0,21,3,4.1
0,22,3,4.28
0,23,3,4.23
0,24,3,4.6
0,25,3,4.07
0,26,3,4.4
0,27,3,4.27
0,28,3,4.09
0,29,3,4.23
0,30,3,4.65
1,1,1,11.99
1,2,1,12.95
1,3,1,12.57
1,4,1,12.4
1,5,1,13.06
1,6,1,12.31
1,7,1,12.62
1,8,1,12.13
1,9,1,12.33
1,10,1,12.55
1,11,1,12.27
1,12,1,13.14
1,13,1,12.42
1,14,1,12.58
1,15,1,12.39
1,16,1,11.83
1,17,1,12.45
1,18,1,12.27
1,19,1,11.69
1,20,1,12.28
1,21,1,12.64
1,22,1,12.52
1,23,1,12.73
1,24,1,12.24
1,25,1,12.91
1,26,1,11.99
1,27,1,12.64
1,28,1,13.04
1,29,1,12.33
1,30,1,12.42
1,1,2,6.35
1,2,2,5.72
1,3,2,6.1
1,4,2,6.38
1,5,2,6.37
1,6,2,6.2
1,7,2,6.29
1,8,2,6.17
1,9,2,6.03
1,10,2,6.21
1,11,2,6.27
1,12,2,6.06
1,13,2,6.6
1,14,2,6.54
1,15,2,5.88
1,16,2,5.92
1,17,2,6.09
1,18,2,6.4
1,19,2,6.29
1,20,2,6.15
1,21,2,5.98
1,22,2,6.21
1,23,2,6.07
1,24,2,6.08
1,25,2,6.56
1,26,2,6.11
1,27,2,6.22
1,28,2,6.57
1,29,2,6.41
1,30,2,6.2
1,1,3,4.0
1,2,3,4.1
1,3,3,4.44
1,4,3,3.95
1,5,3,4.63
1,6,3,4.14
1,7,3,4.22
1,8,3,4.05
1,9,3,4.11
1,10,3,3.74
1,11,3,4.31
1,12,3,4.0
1,13,3,4.36
1,14,3,4.09
1,15,3,4.08
1,16,3,4.27
1,17,3,3.9
1,18,3,4.18
1,19,3,4.15
1,20,3,4.05
1,21,3,4.4
1,22,3,4.12
1,23,3,3.93
1,24,3,4.22
1,25,3,4.19
1,26,3,3.94
1,27,3,4.17
1,28,3,4.12
1,29,3,4.3
1,30,3,4.59
2,1,1,11.91
2,2,1,12.26
2,3,1,12.24
2,4,1,12.12
2,5,1,12.04
2,6,1,12.07
2,7,1,12.15
2,8,1,12.34
2,9,1,12.11
2,10,1,12.23
2,11,1,12.42
2,12,1,12.04
2,13,1,12.03
2,14,1,12.43
2,15,1,12.16
2,16,1,12.86
2,17,1,12.07
2,18,1,12.1
2,19,1,12.34
2,20,1,12.01
2,21,1,12.26
2,22,1,12.27
2,23,1,12.19
2,24,1,12.03
2,25,1,12.45
2,26,1,12.17
2,27,1,12.36
2,28,1,12.26
2,29,1,12.45
2,30,1,12.21
2,1,2,6.04
2,2,2,6.46
2,3,2,6.01
2,4,2,6.18
2,5,2,6.09
2,6,2,5.75
2,7,2,6.06
2,8,2,5.98
2,9,2,6.19
2,10,2,6.3
2,11,2,6.35
2,12,2,6.14
2,13,2,5.97
2,14,2,6.62
2,15,2,6.32
2,16,2,6.04
2,17,2,5.86
2,18,2,5.84
2,19,2,6.19
2,20,2,6.26
2,21,2,5.83
2,22,2,6.35
2,23,2,6.49
2,24,2,6.23
2,25,2,6.34
2,26,2,6.26
2,27,2,6.04
2,28,2,6.11
2,29,2,5.9
2,30,2,6.16
2,1,3,4.11
2,2,3,4.19
2,3,3,9.04
2,4,3,4.2
2,5,3,4.29
2,6,3,4.0
2,7,3,4.04
2,8,3,4.28
2,9,3,4.37
2,10,3,4.29
2,11,3,4.14
2,12,3,4.09
2,13,3,4.27
2,14,3,4.22
2,15,3,4.11
2,16,3,3.89
2,17,3,4.02
2,18,3,4.0
2,19,3,4.18
2,20,3,3.91
2,21,3,4.08
2,22,3,4.27
2,23,3,4.1
2,24,3,4.03
2,25,3,4.14
2,26,3,4.36
2,27,3,4.2
2,28,3,4.16
2,29,3,5.6
2,30,3,4.02
3,1,1,11.72
3,2,1,11.91
3,3,1,11.85
3,4,1,12.13
3,5,1,11.75
3,6,1,11.88
3,7,1,11.84
3,8,1,11.8
3,9,1,11.87
3,10,1,12.0
3,11,1,11.62
3,12,1,11.67
3,13,1,11.69
3,14,1,11.69
3,15,1,11.77
3,16,1,11.85
3,17,1,11.78
3,18,1,12.3
3,19,1,13.39
3,20,1,11.93
3,21,1,11.84
3,22,1,12.0
3,23,1,11.88
3,24,1,11.76
3,25,1,11.8
3,26,1,11.8
3,27,1,12.04
3,28,1,12.02
3,29,1,13.1
3,30,1,13.21
3,1,2,7.3
3,2,2,6.47
3,3,2,5.69
3,4,2,6.3
3,5,2,6.22
3,6,2,12.71
3,7,2,6.46
3,8,2,6.31
3,9,2,6.05
3,10,2,6.32
3,11,2,6.28
3,12,2,7.22
3,13,2,6.02
3,14,2,6.57
3,15,2,6.29
3,16,2,6.79
3,17,2,6.08
3,18,2,6.55
3,19,2,6.16
3,20,2,6.26
3,21,2,6.22
3,22,2,6.22
3,23,2,6.46
3,24,2,6.65
3,25,2,6.19
3,26,2,6.22
3,27,2,6.23
3,28,2,6.28
3,29,2,6.54
3,30,2,5.68
3,1,3,4.21
3,2,3,4.55
3,3,3,4.23
3,4,3,4.45
3,5,3,4.15
3,6,3,4.67
3,7,3,4.07
3,8,3,4.03
3,9,3,4.12
3,10,3,4.85
3,11,3,4.16
3,12,3,4.18
3,13,3,4.23
3,14,3,4.31
3,15,3,4.12
3,16,3,4.4
3,17,3,4.11
3,18,3,4.47
3,19,3,5.01
3,20,3,4.14
3,21,3,4.16
3,22,3,4.06
3,23,3,4.45
3,24,3,5.87
3,25,3,4.58
3,26,3,4.3
3,27,3,4.1
3,28,3,4.02
3,29,3,4.4
3,30,3,4.53
4,1,1,12.32
4,2,1,12.32
4,3,1,12.31
4,4,1,12.45
4,5,1,12.37
4,6,1,12.42
4,7,1,12.01
4,8,1,12.52
4,9,1,12.28
4,10,1,12.33
4,11,1,12.1
4,12,1,12.32
4,13,1,12.56
4,14,1,12.2
4,15,1,12.29
4,16,1,11.98
4,17,1,12.31
4,18,1,12.22
4,19,1,12.15
4,20,1,12.34
4,21,1,12.14
4,22,1,11.94
4,23,1,12.3
4,24,1,12.45
4,25,1,12.31
4,26,1,12.43
4,27,1,12.34
4,28,1,12.56
4,29,1,13.45
4,30,1,12.38
4,1,2,6.01
4,2,2,6.45
4,3,2,6.5
4,4,2,6.44
4,5,2,6.54
4,6,2,6.58
4,7,2,6.29
4,8,2,6.65
4,9,2,6.22
4,10,2,5.79
4,11,2,6.66
4,12,2,6.16
4,13,2,6.38
4,14,2,6.19
4,15,2,6.13
4,16,2,6.32
4,17,2,6.36
4,18,2,6.59
4,19,2,5.88
4,20,2,6.28
4,21,2,6.64
4,22,2,6.2
4,23,2,6.01
4,24,2,7.11
4,25,2,6.31
4,26,2,6.39
4,27,2,5.99
4,28,2,6.18
4,29,2,6.26
4,30,2,6.36
4,1,3,4.77
4,2,3,4.5
4,3,3,4.1
4,4,3,4.68
4,5,3,12.46
4,6,3,4.22
4,7,3,4.27
4,8,3,4.06
4,9,3,3.98
4,10,3,4.04
4,11,3,4.7
4,12,3,4.16
4,13,3,4.44
4,14,3,4.46
4,15,3,4.15
4,16,3,4.13
4,17,3,4.35
4,18,3,7.63
4,19,3,4.33
4,20,3,4.44
4,21,3,4.21
4,22,3,4.34
4,23,3,4.35
4,24,3,5.05
4,25,3,4.55
4,26,3,4.34
4,27,3,4.95
4,28,3,4.49
4,29,3,4.01
4,30,3,4.43
5,1,1,12.64
5,2,1,13.99
5,3,1,15.21
5,4,1,13.94
5,5,1,12.42
5,6,1,12.67
5,7,1,12.15
5,8,1,12.99
5,9,1,12.15
5,10,1,13.2
5,11,1,12.81
5,12,1,12.48
5,13,1,12.3
5,14,1,13.64
5,15,1,12.63
5,16,1,12.79
5,17,1,12.27
5,18,1,13.7
5,19,1,12.51
5,20,1,14.93
5,21,1,12.44
5,22,1,14.81
5,23,1,12.43
5,24,1,12.87
5,25,1,12.73
5,26,1,12.39
5,27,1,12.36
5,28,1,12.37
5,29,1,12.3
5,30,1,12.41
5,1,2,6.47
5,2,2,11.96
5,3,2,6.02
5,4,2,6.39
5,5,2,7.27
5,6,2,6.01
5,7,2,6.78
5,8,2,6.19
5,9,2,6.03
5,10,2,6.21
5,11,2,6.36
5,12,2,6.72
5,13,2,6.39
5,14,2,6.51
5,15,2,6.51
5,16,2,10.94
5,17,2,10.95
5,18,2,6.52
5,19,2,7.19
5,20,2,17.78
5,21,2,7.02
5,22,2,6.78
5,23,2,6.61
5,24,2,6.21
5,25,2,6.34
5,26,2,7.06
5,27,2,6.21
5,28,2,6.57
5,29,2,7.48
5,30,2,6.83
5,1,3,5.6
5,2,3,4.35
5,3,3,4.84
5,4,3,4.52
5,5,3,5.17
5,6,3,4.58
5,7,3,4.46
5,8,3,4.2
5,9,3,4.22
5,10,3,7.33
5,11,3,4.11
5,12,3,4.26
5,13,3,4.13
5,14,3,4.51
5,15,3,19.7
5,16,3,4.19
5,17,3,4.25
5,18,3,4.59
5,19,3,5.02
5,20,3,4.35
5,21,3,4.27
5,22,3,4.62
5,23,3,4.21
5,24,3,4.66
5,25,3,4.18
5,26,3,4.25
5,27,3,5.07
5,28,3,4.48
5,29,3,4.91
5,30,3,4.31
6,1,1,13.1
6,2,1,13.44
6,3,1,13.63
6,4,1,13.47
6,5,1,13.28
6,6,1,13.82
6,7,1,13.12
6,8,1,13.52
6,9,1,13.39
6,10,1,13.48
6,11,1,13.5
6,12,1,13.15
6,13,1,13.1
6,14,1,13.32
6,15,1,13.61
6,16,1,13.32
6,17,1,13.39
6,18,1,13.69
6,19,1,13.18
6,20,1,13.6
6,21,1,13.4
6,22,1,13.2
6,23,1,13.21
6,24,1,13.78
6,25,1,13.5
6,26,1,13.54
6,27,1,13.55
6,28,1,13.67
6,29,1,13.38
6,30,1,13.56
6,1,2,6.78
6,2,2,6.52
6,3,2,6.63
6,4,2,6.95
6,5,2,6.96
6,6,2,6.45
6,7,2,6.42
6,8,2,6.5
6,9,2,6.67
6,10,2,6.73
6,11,2,7.0
6,12,2,7.06
6,13,2,6.8
6,14,2,7.06
6,15,2,6.4
6,16,2,7.09
6,17,2,7.05
6,18,2,6.85
6,19,2,7.34
6,20,2,6.46
6,21,2,6.8
6,22,2,6.93
6,23,2,7.24
6,24,2,6.77
6,25,2,8.7
6,26,2,6.91
6,27,2,6.83
6,28,2,6.47
6,29,2,7.1
6,30,2,6.52
6,1,3,4.97
6,2,3,4.54
6,3,3,4.88
6,4,3,4.8
6,5,3,4.8
6,6,3,5.05
6,7,3,4.29
6,8,3,4.33
6,9,3,4.67
6,10,3,4.78
6,11,3,4.38
6,12,3,4.57
6,13,3,4.78
6,14,3,4.75
6,15,3,4.61
6,16,3,4.87
6,17,3,6.23
6,18,3,4.43
6,19,3,4.96
6,20,3,5.13
6,21,3,4.24
6,22,3,5.32
6,23,3,4.19
6,24,3,4.67
6,25,3,4.46
6,26,3,5.03
6,27,3,4.69
6,28,3,5.47
6,29,3,4.74
6,30,3,4.45
7,1,1,13.56
7,2,1,13.19
7,3,1,12.99
7,4,1,13.09
7,5,1,13.21
7,6,1,12.98
7,7,1,13.2
7,8,1,13.15
7,9,1,13.08
7,10,1,12.97
7,11,1,13.07
7,12,1,13.04
7,13,1,13.23
7,14,1,12.99
7,15,1,13.17
7,16,1,13.02
7,17,1,13.16
7,18,1,13.17
7,19,1,13.09
7,20,1,13.16
7,21,1,13.05
7,22,1,13.23
7,23,1,21.69
7,24,1,32.56
7,25,1,33.65
7,26,1,32.21
7,27,1,26.14
7,28,1,26.64
7,29,1,30.67
7,30,1,24.34
7,1,2,19.09
7,2,2,15.78
7,3,2,
7,4,2,16.34
7,5,2,18.94
7,6,2,15.23
7,7,2,25.28
7,8,2,17.85
7,9,2,17.65
7,10,2,15.06
7,11,2,16.5
7,12,2,17.4
7,13,2,18.46
7,14,2,17.3
7,15,2,17.76
7,16,2,17.75
7,17,2,17.43
7,18,2,16.82
7,19,2,10.95
7,20,2,9.56
7,21,2,14.85
7,22,2,16.27
7,23,2,7.34
7,24,2,7.18
7,25,2,25.75
7,26,2,6.52
7,27,2,7.58
7,28,2,6.67
7,29,2,6.55
7,30,2,6.78
7,1,3,5.65
7,2,3,4.17
7,3,3,6.04
7,4,3,4.9
7,5,3,4.29
7,6,3,4.33
7,7,3,5.04
7,8,3,4.37
7,9,3,4.75
7,10,3,4.34
7,11,3,4.44
7,12,3,4.52
7,13,3,5.01
7,14,3,4.83
7,15,3,4.77
7,16,3,4.3
7,17,3,4.54
7,18,3,4.59
7,19,3,4.46
7,20,3,4.85
7,21,3,4.59
7,22,3,4.52
7,23,3,4.36
7,24,3,4.86
7,25,3,4.37
7,26,3,4.83
7,27,3,4.18
7,28,3,4.52
7,29,3,4.34
7,30,3,4.83
8,1,1,13.12
8,2,1,13.11
8,3,1,12.69
8,4,1,13.15
8,5,1,13.03
8,6,1,13.35
8,7,1,12.95
8,8,1,13.15
8,9,1,12.85
8,10,1,12.79
8,11,1,13.58
8,12,1,13.03
8,13,1,13.08
8,14,1,12.95
8,15,1,12.99
8,16,1,12.98
8,17,1,13.71
8,18,1,13.35
8,19,1,12.7
8,20,1,12.8
8,21,1,12.92
8,22,1,13.03
8,23,1,13.37
8,24,1,12.86
8,25,1,12.87
8,26,1,12.92
8,27,1,13.47
8,28,1,13.04
8,29,1,13.18
8,30,1,12.79
8,1,2,6.65
8,2,2,6.69
8,3,2,6.29
8,4,2,6.93
8,5,2,6.53
8,6,2,6.63
8,7,2,6.88
8,8,2,6.42
8,9,2,6.32
8,10,2,6.18
8,11,2,7.13
8,12,2,7.43
8,13,2,6.51
8,14,2,6.67
8,15,2,6.55
8,16,2,6.53
8,17,2,6.43
8,18,2,6.42
8,19,2,6.75
8,20,2,6.64
8,21,2,6.67
8,22,2,7.0
8,23,2,6.7
8,24,2,6.44
8,25,2,7.04
8,26,2,7.13
8,27,2,6.26
8,28,2,6.33
8,29,2,7.07
8,30,2,6.7
8,1,3,4.48
8,2,3,4.59
8,3,3,4.65
8,4,3,5.08
8,5,3,4.81
8,6,3,4.53
8,7,3,4.43
8,8,3,6.6
8,9,3,4.43
8,10,3,4.78
8,11,3,4.73
8,12,3,4.84
8,13,3,4.35
8,14,3,4.44
8,15,3,4.73
8,16,3,4.49
8,17,3,4.47
8,18,3,4.74
8,19,3,4.7
8,20,3,4.43
8,21,3,5.0
8,22,3,4.6
8,23,3,4.51
8,24,3,4.45
8,25,3,4.46
8,26,3,4.32
8,27,3,4.76
8,28,3,4.77
8,29,3,4.51
8,30,3,4.28
9,1,1,
9,2,1,14.44
9,3,1,
9,4,1,
9,5,1,
9,6,1,14.42
9,7,1,
9,8,1,
9,9,1,14.91
9,10,1,16.66
9,11,1,
9,12,1,14.49
9,13,1,
9,14,1,14.67
9,15,1,14.91
9,16,1,14.65
9,17,1,14.69
9,18,1,14.48
9,19,1,14.65
9,20,1,14.36
9,21,1,14.5
9,22,1,14.9
9,23,1,14.42
9,24,1,14.96
9,25,1,14.66
9,26,1,14.45
9,27,1,14.73
9,28,1,14.79
9,29,1,14.78
9,30,1,14.47
9,1,2,7.69
9,2,2,7.99
9,3,2,7.73
9,4,2,8.34
9,5,2,8.1
9,6,2,7.3
9,7,2,7.88
9,8,2,8.66
9,9,2,7.83
9,10,2,8.59
9,11,2,7.13
9,12,2,7.7
9,13,2,6.93
9,14,2,7.74
9,15,2,7.28
9,16,2,8.04
9,17,2,7.36
9,18,2,8.29
9,19,2,8.09
9,20,2,7.8
9,21,2,7.92
9,22,2,8.3
9,23,2,7.99
9,24,2,7.55
9,25,2,7.75
9,26,2,7.6
9,27,2,7.79
9,28,2,8.15
9,29,2,7.29
9,30,2,7.41
9,1,3,5.28
9,2,3,6.19
9,3,3,5.18
9,4,3,5.72
9,5,3,5.71
9,6,3,5.09
9,7,3,5.16
9,8,3,5.53
9,9,3,5.42
9,10,3,5.6
9,11,3,5.33
9,12,3,4.94
9,13,3,5.64
9,14,3,5.41
9,15,3,4.83
9,16,3,4.81
9,17,3,5.18
9,18,3,5.81
9,19,3,5.01
9,20,3,9.0
9,21,3,5.6
9,22,3,5.59
9,23,3,5.54
9,24,3,6.45
9,25,3,5.49
9,26,3,22.75
9,27,3,5.6
9,28,3,5.04
9,29,3,5.26
9,30,3,4.92